{
  "accuracy": 0.7781237835733749,
  "balanced_accuracy": 0.7961881287561868,
  "macro_precision": 0.8226305580909087,
  "macro_recall_sensitivity": 0.7961881287561868,
  "macro_f1": 0.7914385562256157,
  "micro_precision": 0.7781237835733749,
  "micro_recall": 0.7781237835733749,
  "micro_f1": 0.7781237835733749,
  "auc_roc_ovr": 0.9339835984092254,
  "avg_precision_ovr": 0.8880466719661703,
  "ece": 0.042772168707597015,
  "confusion_matrix": [
    [
      822,
      75,
      28
    ],
    [
      78,
      502,
      0
    ],
    [
      389,
      0,
      675
    ]
  ],
  "per_class": [
    {
      "class_id": 0,
      "class_name": "Normal",
      "precision": 0.6377036462373933,
      "recall_sensitivity": 0.8886486486486487,
      "f1": 0.7425474254742548,
      "specificity": 0.7159367396593674,
      "support": 925
    },
    {
      "class_id": 1,
      "class_name": "Pneumonia",
      "precision": 0.8700173310225303,
      "recall_sensitivity": 0.8655172413793103,
      "f1": 0.867761452031115,
      "specificity": 0.9622926093514329,
      "support": 580
    },
    {
      "class_id": 2,
      "class_name": "Tuberculosis",
      "precision": 0.9601706970128022,
      "recall_sensitivity": 0.6343984962406015,
      "f1": 0.7640067911714771,
      "specificity": 0.9813953488372092,
      "support": 1064
    }
  ]
}