class_id,class_name,precision,recall_sensitivity,f1,specificity,support
0,Normal,0.7394366197183099,0.5675675675675675,0.6422018348623854,0.8874695863746959,925
1,Pneumonia,0.8800705467372134,0.8603448275862069,0.8700959023539668,0.9658119658119658,580
2,Tuberculosis,0.7430340557275542,0.9022556390977443,0.8149405772495756,0.7794019933554818,1064
