class_id,class_name,precision,recall_sensitivity,f1,specificity,support
0,Normal,0.6162489196197062,0.7708108108108108,0.6849183477425552,0.7299270072992701,925
1,Pneumonia,0.7862371888726208,0.9258620689655173,0.850356294536817,0.926596279537456,580
2,Tuberculosis,0.9094650205761317,0.6231203007518797,0.739542665923034,0.9561461794019933,1064
