accuracy,balanced_accuracy,macro_precision,macro_recall_sensitivity,macro_f1,micro_precision,micro_recall,micro_f1,auc_roc_ovr,avg_precision_ovr,ece
0.7446477228493578,0.7732643935094027,0.7706503763561529,0.7732643935094027,0.7582724360674687,0.7446477228493578,0.7446477228493578,0.7446477228493578,0.8844705374078711,0.7859644121096366,0.052166778668210206
