class_id,class_name,threshold,precision,recall_sensitivity,specificity,f1
1,Pneumonia,0.61,0.8355932203389831,0.85,0.9512317747611865,0.8427350427350428
2,Tuberculosis,0.01,0.5798365122615804,1.0,0.4877076411960133,0.7340462228354605
