class_id,class_name,precision,recall_sensitivity,f1,specificity,support
0,Normal,0.4391891891891892,0.07027027027027027,0.1211556383970177,0.9495133819951338,925
1,Pneumonia,0.8378839590443686,0.846551724137931,0.8421955403087479,0.9522373051784816,580
2,Tuberculosis,0.5798365122615804,1.0,0.7340462228354605,0.4877076411960133,1064
