class_id,class_name,threshold,precision,recall_sensitivity,specificity,f1
1,Pneumonia,0.47000000000000003,0.8514680483592401,0.85,0.9567621920563097,0.8507333908541848
2,Tuberculosis,0.05,0.7059253840526701,0.9069548872180451,0.7328903654485049,0.7939119703825586
