class_id,class_name,precision,recall_sensitivity,f1,specificity,support
0,Normal,0.7097791798107256,0.4864864864864865,0.5772931366260423,0.8880778588807786,925
1,Pneumonia,0.852112676056338,0.8344827586206897,0.8432055749128919,0.9577677224736049,580
2,Tuberculosis,0.7059253840526701,0.9069548872180451,0.7939119703825586,0.7328903654485049,1064
