accuracy,balanced_accuracy,macro_precision,macro_recall_sensitivity,macro_f1,micro_precision,micro_recall,micro_f1,auc_roc_ovr,avg_precision_ovr,ece
0.7391981315687037,0.7426413774417404,0.7559390799732446,0.7426413774417404,0.7381368939738309,0.7391981315687037,0.7391981315687037,0.7391981315687037,0.9246589402459776,0.8739747751632159,0.12227313859122145
