class_id,class_name,precision,recall_sensitivity,f1,specificity,support
0,Normal,0.625099285146942,0.8508108108108108,0.7206959706959707,0.7128953771289538,925
1,Pneumonia,0.8563922942206655,0.843103448275862,0.8496959165942659,0.9587732528909,580
2,Tuberculosis,0.9242219215155616,0.6419172932330827,0.7576261785912368,0.9627906976744186,1064
