{
  "accuracy": 0.7625535227715065,
  "balanced_accuracy": 0.7786105174399185,
  "macro_precision": 0.8019045002943898,
  "macro_recall_sensitivity": 0.7786105174399185,
  "macro_f1": 0.7760060219604913,
  "micro_precision": 0.7625535227715065,
  "micro_recall": 0.7625535227715065,
  "micro_f1": 0.7625535227715065,
  "auc_roc_ovr": 0.9246589402459776,
  "avg_precision_ovr": 0.8739747751632159,
  "ece": 0.12227313859122145,
  "confusion_matrix": [
    [
      787,
      82,
      56
    ],
    [
      91,
      489,
      0
    ],
    [
      381,
      0,
      683
    ]
  ],
  "per_class": [
    {
      "class_id": 0,
      "class_name": "Normal",
      "precision": 0.625099285146942,
      "recall_sensitivity": 0.8508108108108108,
      "f1": 0.7206959706959707,
      "specificity": 0.7128953771289538,
      "support": 925
    },
    {
      "class_id": 1,
      "class_name": "Pneumonia",
      "precision": 0.8563922942206655,
      "recall_sensitivity": 0.843103448275862,
      "f1": 0.8496959165942659,
      "specificity": 0.9587732528909,
      "support": 580
    },
    {
      "class_id": 2,
      "class_name": "Tuberculosis",
      "precision": 0.9242219215155616,
      "recall_sensitivity": 0.6419172932330827,
      "f1": 0.7576261785912368,
      "specificity": 0.9627906976744186,
      "support": 1064
    }
  ]
}