accuracy,balanced_accuracy,macro_precision,macro_recall_sensitivity,macro_f1,micro_precision,micro_recall,micro_f1,auc_roc_ovr,avg_precision_ovr,ece
0.7625535227715065,0.7786105174399185,0.8019045002943898,0.7786105174399185,0.7760060219604913,0.7625535227715065,0.7625535227715065,0.7625535227715065,0.9246589402459776,0.8739747751632159,0.12227313859122145
