{
  "path": "/work/data/raw/archive/test/tuberculosis/tuberculosis-828.jpg",
  "pred_id": 0,
  "pred_name": "Normal",
  "confidence": 0.5251030325889587,
  "probs": [
    0.5251030325889587,
    1.6936253643962118e-07,
    0.47489672899246216
  ],
  "pred_policy_id": 2,
  "pred_policy_name": "Tuberculosis",
  "thresholds": {
    "Pneumonia": 0.64,
    "Tuberculosis": 0.11
  }
}